Namespace,Top Namespace,Function Count,With Mangled Symbol,Total Bytes
Global,Global,27590,3,13228296
app::lua_bind,app,2392,2391,77772
lua2cpp,lua2cpp,260,260,14084
app::sv_animcmd,app,199,199,14228
app::item,app,96,96,38184
app::ai,app,59,59,2504
app::boss_private,app,54,54,5476
app::ai_param,app,44,44,984
app::sv_fighter_util,app,42,42,2704
app::pickelobject,app,41,41,1772
app::FighterSpecializer_Pickel,app,37,37,4648
nn::os,nn,30,30,2368
app::holywater,app,28,28,816
nn::hid,nn,28,28,2952
app::ai_koopag,app,26,26,500
nn::album,nn,24,24,2068
app::wiifitball,app,22,22,476
app::sv_kinetic_energy,app,22,22,2804
app::mechakoopa,app,22,22,1676
app::kinetic_energy_motion_linked_sub1,app,22,22,952
app::ground,app,21,21,1740
app::FighterSpecializer_Popo,app,20,20,4016
app::FighterSpecializer_Reflet,app,20,20,2620
app::daisydaikon,app,19,19,2008
app::sv_battle_object,app,19,19,668
app::kinetic_energy_control,app,19,19,1764
app::target,app,18,18,2832
app::sv_information,app,18,18,1296
app::item_other,app,17,17,864
app::linkbomb,app,17,17,2040
app::kiiladarzmanager,app,17,17,688
app::explosionbomb,app,17,17,2152
app::shiokarazu,app,16,16,528
nn::fs,nn,15,15,796
app::kinetic_energy_gravity,app,15,15,848
app::buddybomb,app,15,15,1564
app::ai_system,app,14,14,248
app::peachdaikon,app,13,13,956
app::kozukatasight,app,13,13,1112
app::kinetic_energy_control_rot,app,13,13,836
app::sandbag,app,13,13,488
app::FighterSpecializer_Tantan,app,13,13,1988
app::ai_weapon,app,12,12,340
app::sv_module_access,app,12,12,712
app::metalblade,app,12,12,1084
app::sv_camera_manager,app,12,12,1560
app::kinetic_energy_outer,app,12,12,968
app::FighterSpecializer_Inkling,app,12,12,924
app::FighterSnakeFinalModule,app,11,11,1436
app::kinetic_energy_motion_linked_main,app,11,11,652
app::FighterSpecializer_Fox,app,11,11,628
app::doll,app,11,11,860
app::kinetic_energy_stop,app,11,11,708
app::pickelbomb,app,11,11,480
app::log,app,11,11,1608
app::sv_ground_collision_line,app,11,11,1004
app::FighterSpecializer_Falco,app,10,10,2280
app::analyst,app,10,10,212
app::stage,app,10,10,564
app::fighter,app,10,10,380
nn::prepo::PlayReport,nn,9,9,544
app::sv_math,app,9,9,356
app::kinetic_energy_rot,app,9,9,668
app::FighterSpecializer_Jack,app,9,9,4208
app::FighterSpecializer_Pikmin,app,9,9,828
app::smashball,app,9,9,216
app::FighterSpecializer_Kirby,app,8,8,800
app::ai_stage,app,8,8,160
app::smashballheavy,app,8,8,172
std::streambuf,std,8,8,616
app::marx,app,8,8,296
app::devil,app,8,8,960
app::ai_deprecated,app,8,8,192
nn::nfp,nn,8,8,160
app::nfp,app,8,8,260
nn::ec,nn,7,7,140
nn::album::MovieMakerMovieParameter,nn,7,7,284
app::powblock,app,7,7,116
app::WeaponSpecializer_PickelTrolley,app,7,7,664
app::zoroark,app,7,7,300
nn::image::JpegDecoder,nn,7,7,380
app::WeaponSpecializer_ShizueFishingrod,app,7,7,948
app::mimikkyu,app,7,7,264
app::sv_item,app,7,7,168
app::masterhand,app,7,7,288
app::nassya,app,7,7,296
app::FighterSpecializer_ELight,app,7,7,376
app::item_collision_manager,app,7,7,536
nn::image::JpegEncoder,nn,6,6,228
app::FighterSpecializer_Ridley,app,6,6,660
app::flyandhand,app,6,6,128
app::FighterSpecializer_Lucario,app,6,6,1192
nn::mii::Database,nn,6,6,160
app::FighterSpecializer_Purin,app,6,6,680
app::kawasaki,app,6,6,212
app::wanwan,app,6,6,216
app::ai_debug,app,6,6,96
app::kinetic_energy_motion,app,6,6,220
app::rodin,app,6,6,188
app::kroolcrown,app,6,6,220
app::superleaf,app,6,6,328
app::WeaponSpecializer_DemonBlaster,app,6,6,284
app::lioleus,app,6,6,304
app::poweresa,app,6,6,128
app::crazyhand,app,6,6,216
app::monsters,app,5,5,76
app::springman,app,5,5,140
app::pacmankey,app,5,5,972
nn::pl,nn,5,5,440
app::tvgame,app,5,5,220
nn::err::ErrorResultVariant,nn,5,5,156
app::pacmanapple,app,5,5,300
std::stringbuf,std,5,5,376
app::math2,app,5,5,96
app::FighterSpecializer_SZerosuit,app,5,5,476
app::metamon,app,5,5,232
app::FighterSpecializer_Robot,app,5,5,636
app::magicball,app,5,5,728
app::item_private,app,5,5,768
lib::L2CValue,lib,5,5,732
app::WeaponSpecializer_TantanSpiralleft,app,5,5,144
app::driver,app,5,5,568
app::WeaponSpecializer_EFlameEsword,app,4,4,44
app::FighterSpecializer_Packun,app,4,4,304
app::pacmancherry,app,4,4,268
app::WeaponSpecializer_SimonWhip,app,4,4,92
app::blackball,app,4,4,116
app::FighterSpecializer_Master,app,4,4,492
app::robotgyro,app,4,4,96
app::galleom,app,4,4,176
app::FighterSpecializer_Metaknight,app,4,4,976
app::FighterSpecializer_Simon,app,4,4,464
app::WeaponSpecializer_GekkougaGekkougaS,app,4,4,124
app::WeaponSpecializer_PickelFishingrod,app,4,4,256
app::sv_global_parameter,app,4,4,96
app::kasey,app,4,4,104
app::item_manager,app,4,4,188
app::pacmanorange,app,4,4,500
std::string,std,4,4,176
app::utility,app,4,4,112
nn::ldn,nn,4,4,168
app::WeaponSpecializer_RosettaTico,app,4,4,68
app::FighterSpecializer_Peach,app,4,4,332
app::FighterSpecializer_Trail,app,4,4,552
app::pacmanstrawberry,app,4,4,328
std,std,4,4,588
std::condition_variable,std,4,4,520
app::pacmanboss,app,4,4,84
app::sv_debug_draw,app,4,4,580
app::baitocrane,app,4,4,348
app::crazyhandgravityball,app,4,4,104
app::ai_dangerzone,app,4,4,80
app::backshield,app,4,4,200
app::camera,app,4,4,256
app::pacmanbell,app,3,3,136
app::bomberman,app,3,3,192
app::debug,app,3,3,112
app::kinetic_energy_damage,app,3,3,116
app::kinetic_energy_ground,app,3,3,300
app::WeaponSpecializer_MewtwoShadowball,app,3,3,256
app::dragoonsight,app,3,3,260
app::global_parameter,app,3,3,28
app::FighterSpecializer_Sonic,app,3,3,396
app::chicken,app,3,3,728
app::sv_system,app,3,3,104
app::wariobike,app,3,3,76
app::kinetic_energy_ground_movement,app,3,3,152
app::WeaponSpecializer_SnakeC4,app,3,3,40
app::FighterSpecializer_Ryu,app,3,3,88
app::ai_random,app,3,3,36
app::WeaponSpecializer_MasterArrow1,app,3,3,88
app::WeaponSpecializer_TantanPunch1,app,3,3,68
app::wilycapsule,app,3,3,76
app::meloettashot,app,3,3,96
app::WeaponSpecializer_PTrainerPTrainer,app,3,3,248
app::snakegrenade,app,3,3,232
app::riki,app,3,3,140
app::item_hud,app,3,3,104
switchD_01a532b0,switchD_01a532b0,3,0,124
std::ostream,std,3,3,292
app::nightmare,app,3,3,48
app::FL_sv_module_access,app,3,3,60
app::nintendogshi,app,3,3,156
app::FighterSpecializer_Ike,app,3,3,264
app::skullkid,app,3,3,108
app::rocketbelt,app,3,3,104
app::pacmanmelon,app,3,3,152
app::FighterSpecializer_Murabito,app,2,2,140
switchD_01aabac8,switchD_01aabac8,2,0,848
switchD_00361050,switchD_00361050,2,1,20
switchD_036dce5c,switchD_036dce5c,2,0,324
app::robinlift,app,2,2,116
app::FighterPikminLinkEventWeaponPikminOnFlag,app,2,2,88
app::wood,app,2,2,44
switchD_0259ddac,switchD_0259ddac,2,0,552
app::curryshot,app,2,2,68
app::random,app,2,2,64
switchD_02ecdd88,switchD_02ecdd88,2,0,18376
switchD_01c03988,switchD_01c03988,2,0,224
switchD_00381078,switchD_00381078,2,0,14188
app::FighterSpecializer_Wario,app,2,2,60
movie,movie,2,2,76
switchD_01d70ca8,switchD_01d70ca8,2,0,204
app::motherbrainshot2,app,2,2,12
switchD_02ecbb2c,switchD_02ecbb2c,2,0,192
app::jeffpencilrocket,app,2,2,40
app::marshadow,app,2,2,64
switchD_01706160,switchD_01706160,2,0,884
switchD_01c216cc,switchD_01c216cc,2,0,440
switchD_038a9adc,switchD_038a9adc,2,0,16
app::shovelknight,app,2,2,100
switchD_01c1a314,switchD_01c1a314,2,0,16
switchD_031a59ec,switchD_031a59ec,2,0,11808
switchD_00337f80,switchD_00337f80,2,0,4940
switchD_032a7904,switchD_032a7904,2,0,12
switchD_01ec193c,switchD_01ec193c,2,0,684
std::promise<void>,std,2,2,352
app::FighterSpecializer_Yoshi,app,2,2,80
switchD_005e30bc,switchD_005e30bc,2,0,8672
app::WeaponSpecializer_LuigiPlunger,app,2,2,28
app::FighterSpecializer_PFushigisou,app,2,2,256
switchD_01c166a0,switchD_01c166a0,2,0,396
app::ai_rule,app,2,2,40
switchD_032fd2dc,switchD_032fd2dc,2,0,160
switchD_02611748,switchD_02611748,2,0,7112
nn::ro,nn,2,2,32
switchD_003830ac,switchD_003830ac,2,0,21976
switchD_03277ce0,switchD_03277ce0,2,0,640
std::__assoc_sub_state,std,2,2,504
app::WeaponSpecializer_EdgeFlaredummy,app,2,2,32
switchD_01327fdc,switchD_01327fdc,2,0,836
app::FighterSpecializer_Pacman,app,2,2,160
switchD_01ab7f3c,switchD_01ab7f3c,2,0,76
switchD_038f8a1c,switchD_038f8a1c,2,0,728
switchD_00664ba4,switchD_00664ba4,2,0,2568
nn::prepo,nn,2,2,36
app::WeaponSpecializer_MarioHugeFlame,app,2,2,272
switchD_01ab7d30,switchD_01ab7d30,2,0,644
app::WeaponSpecializer_MurabitoFlowerpot,app,2,2,64
switchD_01d96ce4,switchD_01d96ce4,2,0,1204
switchD_01c0a5d0,switchD_01c0a5d0,2,0,56
switchD_0076e044,switchD_0076e044,2,0,9696
app::ai_notify_event,app,2,2,44
switchD_0329e6c0,switchD_0329e6c0,2,0,792
app::FighterSpecializer_Link,app,2,2,148
switchD_000dbbd8,switchD_000dbbd8,2,0,284
nn::image::ExifBuilder,nn,2,2,180
switchD_03907dec,switchD_03907dec,2,0,264
app::WeaponSpecializer_PackunSpikeball,app,2,2,16
switchD_01c6cc00,switchD_01c6cc00,2,0,296
switchD_00009578,switchD_00009578,2,0,32
phx::Fiber,phx,2,2,180
switchD_01a0598c,switchD_01a0598c,2,0,20
switchD_037abe24,switchD_037abe24,2,0,116
app::kinetic_energy_jostle,app,2,2,104
switchD_0234ed34,switchD_0234ed34,2,0,2412
"std::__tree<std::__value_type<unsigned_long,int>,std::__map_value_compare<unsigned_long,std::__value_type<unsigned_long,int>,std::less<unsigned_long>,true>,std::allocator<std::__value_type<unsigned_long,int>>>",std,2,2,160
app::midna,app,2,2,64
switchD_01f1afcc,switchD_01f1afcc,2,0,204
switchD_01c094c0,switchD_01c094c0,2,0,156
app::FighterSpecializer_Gaogaen,app,2,2,132
switchD_032aacc4,switchD_032aacc4,2,0,36
switchD_037aa76c,switchD_037aa76c,2,0,88
switchD_02bcf6fc,switchD_02bcf6fc,2,0,384
switchD_01bcbf60,switchD_01bcbf60,2,0,2536
switchD_038ced74,switchD_038ced74,2,0,4748
switchD_0170d260,switchD_0170d260,2,0,2896
nn::util::BinaryFileHeader,nn,2,2,500
app::tvgameshot,app,2,2,60
switchD_0329fbf4,switchD_0329fbf4,2,0,1520
app::WeaponSpecializer_BuddyBullet,app,2,2,264
switchD_01f0c620,switchD_01f0c620,2,0,16
nu,nu,2,2,248
nn::util::detail,nn,2,2,64
switchD_015bb7f0,switchD_015bb7f0,2,0,200
app::palkia,app,2,2,96
std::wstring,std,2,2,76
app::WeaponSpecializer_PickelTable,app,2,2,236
switchD_0062e8cc,switchD_0062e8cc,2,0,1104
app::WeaponSpecializer_ElementDiver,app,2,2,32
switchD_031ae838,switchD_031ae838,2,0,84
switchD_0175d1a4,switchD_0175d1a4,2,0,692
switchD_03387810,switchD_03387810,2,0,804
app::ai_camera,app,2,2,28
switchD_032779e8,switchD_032779e8,2,0,916
switchD_025a4524,switchD_025a4524,2,0,652
switchD_0177a894,switchD_0177a894,2,0,276
app::boomerang,app,2,2,280
app::lunala,app,2,2,56
switchD_002f1098,switchD_002f1098,2,0,1008
switchD_01c0ab70,switchD_01c0ab70,2,0,10888
app::FighterPikminLinkEventWeaponPikminConstraint,app,2,2,164
switchD_025d3484,switchD_025d3484,2,0,176
app::vince,app,2,2,84
app::bossgalaga,app,2,2,256
switchD_02a3e7b8,switchD_02a3e7b8,2,0,5212
switchD_0329e9e8,switchD_0329e9e8,2,0,792
switchD_0337897c,switchD_0337897c,2,0,28
app::beetle,app,2,2,60
switchD_032ab9a4,switchD_032ab9a4,2,0,32
app::pacmanfruittarget_common,app,2,2,232
switchD_025a3afc,switchD_025a3afc,2,0,728
app::warpstar,app,2,2,48
app::linkarrow,app,2,2,92
app::akira,app,2,2,116
switchD_033afd1c,switchD_033afd1c,2,0,10560
switchD_000232a4,switchD_000232a4,2,0,16
app::androssshot,app,2,2,288
app::WeaponSpecializer_LucarioAuraball,app,2,2,256
switchD_017e1388,switchD_017e1388,2,0,60
switchD_02bcd9e4,switchD_02bcd9e4,2,0,1408
app::sukapon,app,2,2,92
switchD_02648698,switchD_02648698,1,0,8
switchD_01e4e390,switchD_01e4e390,1,0,220
switchD_03731c84,switchD_03731c84,1,0,196
switchD_01c099dc,switchD_01c099dc,1,0,8
app::LinkEventCapturePulled,app,1,1,16
app::WeaponPickelTrolleyLinkEventGetParam,app,1,1,248
switchD_00102878,switchD_00102878,1,0,44
switchD_001861b4,switchD_001861b4,1,0,12
switchD_03913a74,switchD_03913a74,1,0,1560
switchD_0329d678,switchD_0329d678,1,0,4
app::WeaponSpecializer_RobotNarrowbeam,app,1,1,8
switchD_01b49db8,switchD_01b49db8,1,0,20
switchD_024ff9c8,switchD_024ff9c8,1,0,4444
switchD_00ab75b8,switchD_00ab75b8,1,0,8
switchD_01df68d0,switchD_01df68d0,1,0,16
switchD_0175d684,switchD_0175d684,1,0,156
switchD_01af6074,switchD_01af6074,1,0,12
switchD_01739bd4,switchD_01739bd4,1,0,104
switchD_01bc21a8,switchD_01bc21a8,1,0,488
switchD_03705ee0,switchD_03705ee0,1,0,38752
switchD_017a67bc,switchD_017a67bc,1,0,308
switchD_01c60f10,switchD_01c60f10,1,0,3496
switchD_00101d18,switchD_00101d18,1,0,44
switchD_039a9fc8,switchD_039a9fc8,1,0,1236
switchD_0032c10c,switchD_0032c10c,1,0,40
switchD_0339d7e0,switchD_0339d7e0,1,0,60
switchD_00891008,switchD_00891008,1,0,8
switchD_0324c08c,switchD_0324c08c,1,0,8
switchD_01ddcad8,switchD_01ddcad8,1,0,8
switchD_0291fa3c,switchD_0291fa3c,1,0,8
app::FighterPikminLinkEventWeaponPikminChangeStatus,app,1,1,20
switchD_032aefac,switchD_032aefac,1,0,32
switchD_025a8414,switchD_025a8414,1,0,108
app::LinkEventMask,app,1,1,16
app::WeaponSpecializer_PackunBosspackun,app,1,1,60
switchD_037b5c90,switchD_037b5c90,1,0,304
switchD_0291f7c0,switchD_0291f7c0,1,0,8
switchD_00103740,switchD_00103740,1,0,44
switchD_0265ed18,switchD_0265ed18,1,0,8
switchD_00ab7a58,switchD_00ab7a58,1,0,8
switchD_01bed074,switchD_01bed074,1,0,8
switchD_018df3c4,switchD_018df3c4,1,0,524
nn::hid::SixAxisSensorState,nn,1,1,8
switchD_00f10914,switchD_00f10914,1,0,284
switchD_01ea1244,switchD_01ea1244,1,0,424
switchD_0010e9e4,switchD_0010e9e4,1,0,28
switchD_01a5f8b8,switchD_01a5f8b8,1,0,3680
switchD_03292948,switchD_03292948,1,0,232
switchD_00385e7c,switchD_00385e7c,1,0,8
switchD_01c273dc,switchD_01c273dc,1,0,24
switchD_000f4964,switchD_000f4964,1,0,4
switchD_0372acfc,switchD_0372acfc,1,0,12
switchD_029831fc,switchD_029831fc,1,0,4780
switchD_013a7e8c,switchD_013a7e8c,1,0,4
app::LinkEventCaptureMimikkyu,app,1,1,20
switchD_02357dcc,switchD_02357dcc,1,0,32
switchD_01907d34,switchD_01907d34,1,0,220
switchD_031b75d4,switchD_031b75d4,1,0,184
switchD_00ab44d8,switchD_00ab44d8,1,0,8
switchD_0326f39c,switchD_0326f39c,1,0,4
switchD_01b10604,switchD_01b10604,1,0,124
switchD_032a2a44,switchD_032a2a44,1,0,8
switchD_024cfaa0,switchD_024cfaa0,1,0,180
switchD_0382235c,switchD_0382235c,1,0,84
switchD_003a39e8,switchD_003a39e8,1,0,8
switchD_033109b4,switchD_033109b4,1,0,11548
switchD_01d6c4f4,switchD_01d6c4f4,1,0,4
app::GimmickEventTornadoMoveInfo,app,1,1,52
switchD_000e2f5c,switchD_000e2f5c,1,0,24
switchD_025d4dfc,switchD_025d4dfc,1,0,44
switchD_032ee990,switchD_032ee990,1,0,172
switchD_0339da14,switchD_0339da14,1,0,32
switchD_021d2af0,switchD_021d2af0,1,0,1560
switchD_017996f0,switchD_017996f0,1,0,916
switchD_01a05e18,switchD_01a05e18,1,0,1020
switchD_0372ffa8,switchD_0372ffa8,1,0,88
switchD_01488ef0,switchD_01488ef0,1,0,28
switchD_01b8e118,switchD_01b8e118,1,0,4
std::__basic_string_common<true>,std,1,1,244
switchD_01a5f6d8,switchD_01a5f6d8,1,0,144
switchD_01335638,switchD_01335638,1,0,136
switchD_0010e7c4,switchD_0010e7c4,1,0,28
switchD_01a266e0,switchD_01a266e0,1,0,4
switchD_035e90e4,switchD_035e90e4,1,0,24
switchD_0234ee20,switchD_0234ee20,1,0,1944
app::FighterPikminLinkEventWeaponPikminSetInt,app,1,1,20
switchD_027cbd54,switchD_027cbd54,1,0,8
app::WeaponSpecializer_EdgeFire,app,1,1,16
app::cyborg,app,1,1,64
switchD_038e05b0,switchD_038e05b0,1,0,64
switchD_000131ec,switchD_000131ec,1,0,24
switchD_01e56764,switchD_01e56764,1,0,888
switchD_03288af0,switchD_03288af0,1,0,8
switchD_0226d6d4,switchD_0226d6d4,1,0,32
std::ostream::sentry,std,1,1,8
switchD_0167ed3c,switchD_0167ed3c,1,0,16
nn::os::Mutex,nn,1,1,24
switchD_01bbbe74,switchD_01bbbe74,1,0,3020
switchD_01792104,switchD_01792104,1,0,52
switchD_035e9848,switchD_035e9848,1,0,196
switchD_039a2c70,switchD_039a2c70,1,0,12
switchD_019c5c7c,switchD_019c5c7c,1,0,8
lib::Singleton<app::BattleObjectWorld>,lib,1,1,56
switchD_00101360,switchD_00101360,1,0,44
switchD_037975f0,switchD_037975f0,1,0,1312
switchD_00ab941c,switchD_00ab941c,1,0,8
switchD_002ee4ec,switchD_002ee4ec,1,0,524
switchD_01c10a3c,switchD_01c10a3c,1,0,88
movie::MediaData,movie,1,1,4
app::andross,app,1,1,540
std::ios,std,1,1,16
switchD_00388bfc,switchD_00388bfc,1,0,8
switchD_0379373c,switchD_0379373c,1,0,12
switchD_0010e5a4,switchD_0010e5a4,1,0,28
switchD_023e9574,switchD_023e9574,1,0,200
switchD_032673f0,switchD_032673f0,1,0,4
switchD_01e30728,switchD_01e30728,1,0,76
switchD_024cc71c,switchD_024cc71c,1,0,20
switchD_026ca628,switchD_026ca628,1,0,7220
switchD_03825628,switchD_03825628,1,0,24
switchD_0034b7ec,switchD_0034b7ec,1,0,8
switchD_017e0cd0,switchD_017e0cd0,1,0,64
std::random_device,std,1,1,244
switchD_025d4944,switchD_025d4944,1,0,332
switchD_025a7d58,switchD_025a7d58,1,0,44
switchD_002c2d4c,switchD_002c2d4c,1,0,28
switchD_02528b7c,switchD_02528b7c,1,0,168
switchD_038fa540,switchD_038fa540,1,0,16
switchD_01b10a10,switchD_01b10a10,1,0,4
switchD_03294a20,switchD_03294a20,1,0,8
switchD_034fdf4c,switchD_034fdf4c,1,0,20
switchD_016f4d78,switchD_016f4d78,1,0,84
switchD_01cd67fc,switchD_01cd67fc,1,0,72
switchD_01a96e20,switchD_01a96e20,1,0,108
switchD_0291f894,switchD_0291f894,1,0,8
switchD_02512a1c,switchD_02512a1c,1,0,56
switchD_031b1514,switchD_031b1514,1,0,40
switchD_03901900,switchD_03901900,1,0,4
switchD_000e3ccc,switchD_000e3ccc,1,0,24
switchD_01a0877c,switchD_01a0877c,1,0,1144
switchD_013eadbc,switchD_013eadbc,1,0,44
switchD_03287b60,switchD_03287b60,1,0,200
switchD_01d8a47c,switchD_01d8a47c,1,0,16
switchD_01ab6efc,switchD_01ab6efc,1,0,68
switchD_025249c8,switchD_025249c8,1,0,48
switchD_00103334,switchD_00103334,1,0,44
app::GimmickEventDrumCheckNeedHide,app,1,1,4
app::WeaponSpecializer_MarioPump,app,1,1,244
switchD_01c9ece8,switchD_01c9ece8,1,0,108
nn::mii::ParamCharInfoAccessor,nn,1,1,568
switchD_00a09cc4,switchD_00a09cc4,1,0,8
switchD_023e9348,switchD_023e9348,1,0,8
switchD_038a9850,switchD_038a9850,1,0,12
switchD_018a32f0,switchD_018a32f0,1,0,8
switchD_005e09c8,switchD_005e09c8,1,0,8
app::GimmickEventDrumEscape,app,1,1,16
switchD_0348f094,switchD_0348f094,1,0,1080
switchD_01d3a19c,switchD_01d3a19c,1,0,208
switchD_03378a6c,switchD_03378a6c,1,0,8
switchD_00637074,switchD_00637074,1,0,4
app::kiilashockwave,app,1,1,16
switchD_01e91d1c,switchD_01e91d1c,1,0,4
switchD_025b2fb4,switchD_025b2fb4,1,0,72
switchD_01691a4c,switchD_01691a4c,1,0,312
switchD_032ac058,switchD_032ac058,1,0,36
switchD_00447ed0,switchD_00447ed0,1,0,40
switchD_00503218,switchD_00503218,1,0,4
switchD_01b95b9c,switchD_01b95b9c,1,0,24
switchD_019cd944,switchD_019cd944,1,0,268
switchD_006693e4,switchD_006693e4,1,0,384
switchD_01f0c554,switchD_01f0c554,1,0,176
switchD_01c358a4,switchD_01c358a4,1,0,136
switchD_00adfeac,switchD_00adfeac,1,0,1096
switchD_02591e08,switchD_02591e08,1,0,8
switchD_01fec1ac,switchD_01fec1ac,1,0,64
switchD_0058c258,switchD_0058c258,1,0,224
switchD_023e911c,switchD_023e911c,1,0,8
switchD_01e35388,switchD_01e35388,1,0,24
switchD_00639028,switchD_00639028,1,0,16
switchD_02597180,switchD_02597180,1,0,8
switchD_025989f0,switchD_025989f0,1,0,8
switchD_0379e9a8,switchD_0379e9a8,1,0,8
switchD_036b6198,switchD_036b6198,1,0,12
app::FighterPikminLinkEventWeaponPikminSyncPos,app,1,1,20
app::kiilatorrent,app,1,1,16
switchD_003a3db0,switchD_003a3db0,1,0,8
switchD_03976c00,switchD_03976c00,1,0,1356
switchD_0338d7c0,switchD_0338d7c0,1,0,696
switchD_0330deb8,switchD_0330deb8,1,0,44
switchD_0005c768,switchD_0005c768,1,0,8
switchD_02415c84,switchD_02415c84,1,0,84
switchD_003ac67c,switchD_003ac67c,1,0,8
switchD_0046017c,switchD_0046017c,1,0,112
switchD_00109df8,switchD_00109df8,1,0,28
app::smartbomb,app,1,1,8
switchD_01cb69f4,switchD_01cb69f4,1,0,60
switchD_019eae64,switchD_019eae64,1,0,24
app::sv_fighter_audience,app,1,1,32
switchD_0388e294,switchD_0388e294,1,0,260
switchD_025e8250,switchD_025e8250,1,0,352
switchD_0395f6c8,switchD_0395f6c8,1,0,28
switchD_000dde60,switchD_000dde60,1,0,28
switchD_005e1320,switchD_005e1320,1,0,8
switchD_01d30b08,switchD_01d30b08,1,0,956
switchD_000e2f04,switchD_000e2f04,1,0,24
switchD_032969d4,switchD_032969d4,1,0,8
switchD_03730d80,switchD_03730d80,1,0,152
switchD_03287f98,switchD_03287f98,1,0,8
switchD_004596f0,switchD_004596f0,1,0,156
switchD_01d33604,switchD_01d33604,1,0,312
switchD_03272db4,switchD_03272db4,1,0,204
switchD_01e886b0,switchD_01e886b0,1,0,3516
app::WeaponPickelTrolleyLinkEventRemoveRailByGeneration,app,1,1,256
switchD_01753380,switchD_01753380,1,0,4
switchD_013c77dc,switchD_013c77dc,1,0,876
switchD_01d42798,switchD_01d42798,1,0,456
switchD_01d95a3c,switchD_01d95a3c,1,0,60
switchD_032945c8,switchD_032945c8,1,0,8
switchD_0390b334,switchD_0390b334,1,0,1012
switchD_017e11fc,switchD_017e11fc,1,0,8
switchD_03598b90,switchD_03598b90,1,0,228
switchD_00ab5df8,switchD_00ab5df8,1,0,16
switchD_01afe904,switchD_01afe904,1,0,228
switchD_01e07dd4,switchD_01e07dd4,1,0,484
switchD_025950b4,switchD_025950b4,1,0,8
switchD_032856a4,switchD_032856a4,1,0,40
app::GimmickEventBarrel,app,1,1,12
switchD_006377ac,switchD_006377ac,1,0,744
switchD_013fb0a4,switchD_013fb0a4,1,0,4
switchD_000075f0,switchD_000075f0,1,0,12
switchD_00342914,switchD_00342914,1,0,184
switchD_01169b6c,switchD_01169b6c,1,0,560
switchD_035f86b0,switchD_035f86b0,1,0,4
switchD_0010a534,switchD_0010a534,1,0,28
switchD_01cd142c,switchD_01cd142c,1,0,720
switchD_02f3f524,switchD_02f3f524,1,0,28
switchD_01d715f0,switchD_01d715f0,1,0,20
switchD_01d75c38,switchD_01d75c38,1,0,3052
switchD_03920660,switchD_03920660,1,0,4
switchD_00315550,switchD_00315550,1,0,380
switchD_01334d9c,switchD_01334d9c,1,0,12
switchD_000e2714,switchD_000e2714,1,0,16
switchD_026bbd28,switchD_026bbd28,1,0,8
switchD_0076e46c,switchD_0076e46c,1,0,8
switchD_01319850,switchD_01319850,1,0,164
switchD_02598d08,switchD_02598d08,1,0,8
switchD_02613df4,switchD_02613df4,1,0,16
switchD_00109bf8,switchD_00109bf8,1,0,28
<EXTERNAL>,<EXTERNAL>,1,0,16
switchD_03297810,switchD_03297810,1,0,8
switchD_0258ac28,switchD_0258ac28,1,0,8
switchD_0137dab8,switchD_0137dab8,1,0,5712
switchD_027c63a8,switchD_027c63a8,1,0,8
switchD_00462c18,switchD_00462c18,1,0,4
switchD_00904fd0,switchD_00904fd0,1,0,8
switchD_0330f06c,switchD_0330f06c,1,0,20
switchD_0137d800,switchD_0137d800,1,0,4
switchD_0107d888,switchD_0107d888,1,0,8
app::sirnight,app,1,1,32
switchD_01cb4b08,switchD_01cb4b08,1,0,144
switchD_00493174,switchD_00493174,1,0,148
switchD_032f9914,switchD_032f9914,1,0,1532
switchD_0389f784,switchD_0389f784,1,0,28
switchD_038e077c,switchD_038e077c,1,0,12
switchD_0329bbf0,switchD_0329bbf0,1,0,8
switchD_01a973e8,switchD_01a973e8,1,0,4
std::locale,std,1,1,16
switchD_0010cf34,switchD_0010cf34,1,0,24
switchD_032a44e8,switchD_032a44e8,1,0,8
switchD_01a08c64,switchD_01a08c64,1,0,112
switchD_038ab400,switchD_038ab400,1,0,4
switchD_01d7dd34,switchD_01d7dd34,1,0,336
switchD_037ccabc,switchD_037ccabc,1,0,12
switchD_0010a354,switchD_0010a354,1,0,28
switchD_00ab29ec,switchD_00ab29ec,1,0,8
switchD_01c5d4d4,switchD_01c5d4d4,1,0,308
switchD_0083160c,switchD_0083160c,1,0,96
switchD_038cf614,switchD_038cf614,1,0,4
app::kiilalaser,app,1,1,16
switchD_0354477c,switchD_0354477c,1,0,140
switchD_01a00f40,switchD_01a00f40,1,0,8
app::snakecbox,app,1,1,24
app::st_shell,app,1,1,192
switchD_03296988,switchD_03296988,1,0,8
switchD_00385ab8,switchD_00385ab8,1,0,8
switchD_03797594,switchD_03797594,1,0,180
switchD_006d9fb8,switchD_006d9fb8,1,0,80
switchD_031ac774,switchD_031ac774,1,0,244
switchD_01b85c04,switchD_01b85c04,1,0,348
switchD_036e129c,switchD_036e129c,1,0,8
switchD_037320c0,switchD_037320c0,1,0,920
switchD_000dd910,switchD_000dd910,1,0,28
app::teamhealfield,app,1,1,32
switchD_004c3d90,switchD_004c3d90,1,0,36
switchD_032654a8,switchD_032654a8,1,0,8
switchD_003a3ccc,switchD_003a3ccc,1,0,8
switchD_0359e154,switchD_0359e154,1,0,48
switchD_025b0038,switchD_025b0038,1,0,68
switchD_0259877c,switchD_0259877c,1,0,8
switchD_003621e8,switchD_003621e8,1,1,32
switchD_00605068,switchD_00605068,1,0,16
switchD_01ab7598,switchD_01ab7598,1,0,16
switchD_03288298,switchD_03288298,1,0,8
switchD_0234f18c,switchD_0234f18c,1,0,80
switchD_01d0f668,switchD_01d0f668,1,0,52
switchD_016f7e40,switchD_016f7e40,1,0,124
switchD_019ce9d4,switchD_019ce9d4,1,0,168
switchD_005e602c,switchD_005e602c,1,0,8
switchD_01abd41c,switchD_01abd41c,1,0,8
switchD_01b00c40,switchD_01b00c40,1,0,708
switchD_035e9a34,switchD_035e9a34,1,0,92
switchD_0325cf48,switchD_0325cf48,1,0,2012
switchD_0367a4d0,switchD_0367a4d0,1,0,12
switchD_03871708,switchD_03871708,1,0,124
switchD_01cd46ec,switchD_01cd46ec,1,0,184
switchD_000ff984,switchD_000ff984,1,0,44
switchD_032aee68,switchD_032aee68,1,0,364
switchD_03264090,switchD_03264090,1,0,24
switchD_025a29c8,switchD_025a29c8,1,0,4
switchD_01cd0614,switchD_01cd0614,1,0,12
switchD_004f6fb4,switchD_004f6fb4,1,0,20
switchD_03390a90,switchD_03390a90,1,0,44
switchD_039865c0,switchD_039865c0,1,0,4
switchD_03797538,switchD_03797538,1,0,184
switchD_01b4a8a8,switchD_01b4a8a8,1,0,100
app::FighterPitBCutInTransactorFinal,app,1,1,40
std::numpunct<char>,std,1,1,100
switchD_035fcba4,switchD_035fcba4,1,0,92
switchD_038d7124,switchD_038d7124,1,0,8
switchD_003a3840,switchD_003a3840,1,0,8
switchD_025b4694,switchD_025b4694,1,0,3132
switchD_000da670,switchD_000da670,1,0,16
app::masterhandpaintball,app,1,1,64
app::GimmickEventSlashEscape,app,1,1,32
switchD_0150d218,switchD_0150d218,1,0,864
switchD_01603f58,switchD_01603f58,1,0,8
switchD_0227a8f8,switchD_0227a8f8,1,0,4
switchD_01ab7b44,switchD_01ab7b44,1,0,32
switchD_0064bcf8,switchD_0064bcf8,1,0,12
switchD_019c461c,switchD_019c461c,1,0,792
switchD_03828444,switchD_03828444,1,0,28
switchD_001058e8,switchD_001058e8,1,0,28
switchD_01c8c1f4,switchD_01c8c1f4,1,0,168
switchD_00106490,switchD_00106490,1,0,80
switchD_0244bd80,switchD_0244bd80,1,0,108
switchD_005e180c,switchD_005e180c,1,0,8
switchD_006d5bb8,switchD_006d5bb8,1,0,88
switchD_0329bf30,switchD_0329bf30,1,0,8
switchD_032aec08,switchD_032aec08,1,0,176
switchD_00aee37c,switchD_00aee37c,1,0,8
app::FighterSpecializer_Snake,app,1,1,204
switchD_01d966fc,switchD_01d966fc,1,0,28
switchD_01739e9c,switchD_01739e9c,1,0,16
switchD_039a42a0,switchD_039a42a0,1,0,56
switchD_02597264,switchD_02597264,1,0,8
switchD_003a3acc,switchD_003a3acc,1,0,8
lib::Singleton<app::FighterPitBFinalModule>,lib,1,1,24
switchD_037157cc,switchD_037157cc,1,0,8
switchD_0010ad84,switchD_0010ad84,1,0,28
switchD_01d5897c,switchD_01d5897c,1,0,60
switchD_00639718,switchD_00639718,1,0,40
switchD_0010ef34,switchD_0010ef34,1,0,28
switchD_02591a80,switchD_02591a80,1,0,8
switchD_03835884,switchD_03835884,1,0,36
app::wright,app,1,1,16
switchD_03975820,switchD_03975820,1,0,20
switchD_00103cb4,switchD_00103cb4,1,0,44
switchD_025001f0,switchD_025001f0,1,0,240
switchD_0007773c,switchD_0007773c,1,0,8
switchD_038ed428,switchD_038ed428,1,0,12
switchD_037b0b04,switchD_037b0b04,1,0,152
switchD_01f0db80,switchD_01f0db80,1,0,3052
switchD_0359c2e4,switchD_0359c2e4,1,0,1320
app::LinkEvent,app,1,1,16
switchD_037cd06c,switchD_037cd06c,1,0,8
switchD_01a97298,switchD_01a97298,1,0,264
switchD_01c21d08,switchD_01c21d08,1,0,44
switchD_03391ad8,switchD_03391ad8,1,0,584
switchD_01f1baac,switchD_01f1baac,1,0,10116
switchD_0010a164,switchD_0010a164,1,0,28
switchD_0045a7e8,switchD_0045a7e8,1,0,2500
switchD_023d7ac4,switchD_023d7ac4,1,0,116
switchD_0258a868,switchD_0258a868,1,0,8
switchD_038a4854,switchD_038a4854,1,0,12
switchD_0190a96c,switchD_0190a96c,1,0,340
switchD_0337ebc0,switchD_0337ebc0,1,0,32
switchD_032aae70,switchD_032aae70,1,0,4
switchD_019f18d8,switchD_019f18d8,1,0,8
switchD_004fb5ec,switchD_004fb5ec,1,0,8
switchD_030e9b6c,switchD_030e9b6c,1,0,792
switchD_00ab407c,switchD_00ab407c,1,0,8
switchD_01ec05bc,switchD_01ec05bc,1,0,4
app::LinkEventCaptureItem,app,1,1,16
switchD_03812984,switchD_03812984,1,0,12
switchD_001065a0,switchD_001065a0,1,0,72
switchD_01a9ee94,switchD_01a9ee94,1,0,116
app::LinkEventYoshiTamagoDamageEffect,app,1,1,16
switchD_005e1eec,switchD_005e1eec,1,0,8
switchD_025d4c24,switchD_025d4c24,1,0,128
app::WeaponPickelTrolleyLinkEventConfirmMaterial,app,1,1,16
switchD_035da504,switchD_035da504,1,0,4
switchD_01603f14,switchD_01603f14,1,0,8
switchD_00a09f7c,switchD_00a09f7c,1,0,8
switchD_01b12ba0,switchD_01b12ba0,1,0,32
switchD_039b8f38,switchD_039b8f38,1,0,240
switchD_00639934,switchD_00639934,1,0,140
switchD_00721de0,switchD_00721de0,1,0,16
switchD_038e072c,switchD_038e072c,1,0,164
switchD_035da750,switchD_035da750,1,0,24
switchD_0369d7ac,switchD_0369d7ac,1,0,4
switchD_0010dc14,switchD_0010dc14,1,0,28
switchD_00636674,switchD_00636674,1,0,8
switchD_024fbfc8,switchD_024fbfc8,1,0,8
nn::settings::LanguageCode,nn,1,1,20
switchD_01d766cc,switchD_01d766cc,1,0,224
switchD_033aa2fc,switchD_033aa2fc,1,0,44
switchD_01ce3064,switchD_01ce3064,1,0,4
switchD_0150b478,switchD_0150b478,1,0,12
switchD_03257b94,switchD_03257b94,1,0,4
switchD_03730ce0,switchD_03730ce0,1,0,216
switchD_019f3354,switchD_019f3354,1,0,8
switchD_0010cd64,switchD_0010cd64,1,0,24
switchD_004c1814,switchD_004c1814,1,0,124
switchD_01d74608,switchD_01d74608,1,0,148
switchD_01d2c838,switchD_01d2c838,1,0,412
switchD_02512ba0,switchD_02512ba0,1,0,4
switchD_00012aa4,switchD_00012aa4,1,0,696
switchD_02bd2e54,switchD_02bd2e54,1,0,528
switchD_038d2c8c,switchD_038d2c8c,1,0,232
switchD_037aab74,switchD_037aab74,1,0,4
switchD_00507b28,switchD_00507b28,1,0,32
switchD_0383d24c,switchD_0383d24c,1,0,48
switchD_03731914,switchD_03731914,1,0,36
switchD_01be1b14,switchD_01be1b14,1,0,4
switchD_024cb7b4,switchD_024cb7b4,1,0,4
switchD_032abf84,switchD_032abf84,1,0,4
app::healball,app,1,1,136
switchD_02598500,switchD_02598500,1,0,8
switchD_0379ea98,switchD_0379ea98,1,0,12
switchD_0010e334,switchD_0010e334,1,0,28
switchD_001021ec,switchD_001021ec,1,0,44
switchD_024da4c8,switchD_024da4c8,1,0,360
switchD_0250a338,switchD_0250a338,1,0,56
switchD_000e1fc0,switchD_000e1fc0,1,0,12
switchD_024c9318,switchD_024c9318,1,0,16
switchD_03898f90,switchD_03898f90,1,0,4
switchD_033ac15c,switchD_033ac15c,1,0,28
switchD_0010da04,switchD_0010da04,1,0,28
switchD_0226dc24,switchD_0226dc24,1,0,60
switchD_038cf6e0,switchD_038cf6e0,1,0,4
switchD_036a94d8,switchD_036a94d8,1,0,64
switchD_00645b38,switchD_00645b38,1,0,500
switchD_016cc434,switchD_016cc434,1,0,212
switchD_000e26c0,switchD_000e26c0,1,0,160
switchD_003a0b48,switchD_003a0b48,1,0,8
switchD_00455280,switchD_00455280,1,0,1528
app::LinkEventStarShot,app,1,1,16
switchD_031b0fb4,switchD_031b0fb4,1,0,328
switchD_0326a4bc,switchD_0326a4bc,1,0,8
switchD_000e6d08,switchD_000e6d08,1,0,32
app::FighterSpecializer_Luigi,app,1,1,148
switchD_01d7e690,switchD_01d7e690,1,0,56
switchD_00100784,switchD_00100784,1,0,44
switchD_037abc74,switchD_037abc74,1,0,12
app::starring,app,1,1,68
switchD_016d7a20,switchD_016d7a20,1,0,16
app::WeaponSpecializer_JackDoyle,app,1,1,16
switchD_0107f6d4,switchD_0107f6d4,1,0,8
switchD_00103ac4,switchD_00103ac4,1,0,44
switchD_02592190,switchD_02592190,1,0,8
switchD_000fe2f4,switchD_000fe2f4,1,0,44
switchD_0339de20,switchD_0339de20,1,0,112
switchD_0010ed24,switchD_0010ed24,1,0,28
switchD_0174dd28,switchD_0174dd28,1,0,24
switchD_01d2c80c,switchD_01d2c80c,1,0,152
switchD_01ea2674,switchD_01ea2674,1,0,432
switchD_0259411c,switchD_0259411c,1,0,8
switchD_01b02268,switchD_01b02268,1,0,36
switchD_038d7524,switchD_038d7524,1,0,12
std::logic_error,std,1,1,4
switchD_0185c2ec,switchD_0185c2ec,1,0,12756
switchD_039643b8,switchD_039643b8,1,0,16
switchD_01d89a88,switchD_01d89a88,1,0,2544
switchD_006040e0,switchD_006040e0,1,0,4
app::bombermanbomb,app,1,1,32
switchD_017a67f0,switchD_017a67f0,1,0,260
switchD_02596d48,switchD_02596d48,1,0,8
switchD_0259765c,switchD_0259765c,1,0,8
switchD_01d93d0c,switchD_01d93d0c,1,0,8
switchD_03822f20,switchD_03822f20,1,0,1416
switchD_000dd3c0,switchD_000dd3c0,1,0,28
switchD_01039e64,switchD_01039e64,1,0,8
switchD_02615bd4,switchD_02615bd4,1,0,8
switchD_038eb430,switchD_038eb430,1,0,712
switchD_032b638c,switchD_032b638c,1,0,8
switchD_00a09398,switchD_00a09398,1,0,3004
switchD_01a2d098,switchD_01a2d098,1,0,12
switchD_003c90a0,switchD_003c90a0,1,0,12
std::mutex,std,1,1,24
switchD_029203c0,switchD_029203c0,1,0,8
switchD_037190ac,switchD_037190ac,1,0,8
switchD_03670bfc,switchD_03670bfc,1,0,16
switchD_00521858,switchD_00521858,1,0,264
switchD_00460890,switchD_00460890,1,0,16
switchD_0199f9fc,switchD_0199f9fc,1,0,112
switchD_01b11ecc,switchD_01b11ecc,1,0,312
switchD_03812954,switchD_03812954,1,0,1224
app::WeaponSpecializer_LinkBowarrow,app,1,1,16
switchD_026c2464,switchD_026c2464,1,0,8
switchD_01b19b08,switchD_01b19b08,1,0,280
switchD_03387050,switchD_03387050,1,0,8
switchD_01dc82d4,switchD_01dc82d4,1,0,16
switchD_000e069c,switchD_000e069c,1,0,12
switchD_032b5e2c,switchD_032b5e2c,1,0,8
switchD_01d41724,switchD_01d41724,1,0,44
switchD_03267ae8,switchD_03267ae8,1,0,532
switchD_01ab345c,switchD_01ab345c,1,0,5408
switchD_02594864,switchD_02594864,1,0,8
switchD_012701dc,switchD_012701dc,1,0,4640
switchD_03289628,switchD_03289628,1,0,8
switchD_019c730c,switchD_019c730c,1,0,16
switchD_0234f42c,switchD_0234f42c,1,0,252
switchD_03715bb4,switchD_03715bb4,1,0,88
switchD_01d6e7b0,switchD_01d6e7b0,1,0,16
switchD_0031d544,switchD_0031d544,1,0,24
switchD_015b4b04,switchD_015b4b04,1,0,4
movie::Buffer,movie,1,1,204
switchD_006b3e4c,switchD_006b3e4c,1,0,172
switchD_015c3068,switchD_015c3068,1,0,56
switchD_000e51d4,switchD_000e51d4,1,0,20
app::ghirahim,app,1,1,28
switchD_0133b0f4,switchD_0133b0f4,1,0,112
switchD_000e155c,switchD_000e155c,1,0,28
switchD_039a1228,switchD_039a1228,1,0,60
switchD_035f10e4,switchD_035f10e4,1,0,92
switchD_035f89b4,switchD_035f89b4,1,0,92
switchD_0033ff84,switchD_0033ff84,1,0,20
switchD_01776ca0,switchD_01776ca0,1,0,44
app::GimmickEventTornadoEscape,app,1,1,8
switchD_01c5963c,switchD_01c5963c,1,0,36
switchD_0379eb68,switchD_0379eb68,1,0,4
switchD_013fc2fc,switchD_013fc2fc,1,0,12
switchD_025a5034,switchD_025a5034,1,0,72
switchD_0338d588,switchD_0338d588,1,0,8
switchD_00385d7c,switchD_00385d7c,1,0,8
switchD_000e9a58,switchD_000e9a58,1,0,8
switchD_0265ec28,switchD_0265ec28,1,0,16
app::FighterSpecializer_Pit,app,1,1,252
app::sv_stage,app,1,1,8
switchD_03834c4c,switchD_03834c4c,1,0,1576
switchD_038a7398,switchD_038a7398,1,0,56
switchD_0013eef0,switchD_0013eef0,1,0,4
switchD_01e1500c,switchD_01e1500c,1,0,612
app::knuckles,app,1,1,12
switchD_01d017bc,switchD_01d017bc,1,0,324
std::future_error,std,1,1,24
switchD_03730a98,switchD_03730a98,1,0,36
switchD_03282ec0,switchD_03282ec0,1,0,48
switchD_038a2940,switchD_038a2940,1,0,56
switchD_036712bc,switchD_036712bc,1,0,196
switchD_00771bc8,switchD_00771bc8,1,0,8
switchD_0381f174,switchD_0381f174,1,0,192
switchD_01a9767c,switchD_01a9767c,1,0,4
switchD_025d3764,switchD_025d3764,1,0,184
app::WeaponRobotHominglaserLinkEventBurst,app,1,1,16
switchD_01d3879c,switchD_01d3879c,1,0,8
switchD_01cc64f8,switchD_01cc64f8,1,0,20
switchD_000e86c4,switchD_000e86c4,1,0,16
switchD_01a5f254,switchD_01a5f254,1,0,180
switchD_0198c338,switchD_0198c338,1,0,156
switchD_01c089fc,switchD_01c089fc,1,0,4
switchD_006d3090,switchD_006d3090,1,0,4236
switchD_025918a0,switchD_025918a0,1,0,8
app::FighterSpecializer_Roy,app,1,1,16
switchD_0034e028,switchD_0034e028,1,0,4028
app::kinetic_energy_wind,app,1,1,136
switchD_025ad328,switchD_025ad328,1,0,28
switchD_00638e4c,switchD_00638e4c,1,0,112
switchD_033263bc,switchD_033263bc,1,0,96
switchD_03285c38,switchD_03285c38,1,0,32
switchD_000d99b8,switchD_000d99b8,1,0,16
app::WeaponSpecializer_KoopaKoopaG,app,1,1,4
switchD_025a55c4,switchD_025a55c4,1,0,524
switchD_01d73d60,switchD_01d73d60,1,0,4416
switchD_0234ef3c,switchD_0234ef3c,1,0,32
switchD_023e9684,switchD_023e9684,1,0,12
switchD_032672e0,switchD_032672e0,1,0,8
switchD_0389eaac,switchD_0389eaac,1,0,48
switchD_0103a664,switchD_0103a664,1,0,8
switchD_030af0ac,switchD_030af0ac,1,0,116
switchD_01c1670c,switchD_01c1670c,1,0,12
switchD_00639750,switchD_00639750,1,0,20
switchD_01bdd314,switchD_01bdd314,1,0,28
switchD_032a4f6c,switchD_032a4f6c,1,0,8
switchD_01dddcb8,switchD_01dddcb8,1,0,104
switchD_0033bb6c,switchD_0033bb6c,1,0,408
switchD_01c68d28,switchD_01c68d28,1,0,72
switchD_01791f94,switchD_01791f94,1,0,1004
switchD_02920494,switchD_02920494,1,0,8
switchD_0325d054,switchD_0325d054,1,0,24
switchD_01cf4280,switchD_01cf4280,1,0,20
switchD_032a2d98,switchD_032a2d98,1,0,8
switchD_036780d8,switchD_036780d8,1,0,20
switchD_00102568,switchD_00102568,1,0,44
switchD_0308e588,switchD_0308e588,1,0,8
switchD_03277830,switchD_03277830,1,0,8
switchD_02521210,switchD_02521210,1,0,52
switchD_0076e2ac,switchD_0076e2ac,1,0,8
switchD_035a003c,switchD_035a003c,1,0,20
app::WeaponSpecializer_BraveFireball,app,1,1,60
switchD_03662004,switchD_03662004,1,0,4
switchD_03731b7c,switchD_03731b7c,1,0,244
switchD_006d8728,switchD_006d8728,1,0,272
switchD_0330ef64,switchD_0330ef64,1,0,8
switchD_023e9464,switchD_023e9464,1,0,1472
switchD_01fec2a8,switchD_01fec2a8,1,0,24
switchD_02357eb4,switchD_02357eb4,1,0,212
switchD_02594200,switchD_02594200,1,0,8
switchD_015b4f5c,switchD_015b4f5c,1,0,40
switchD_02922c28,switchD_02922c28,1,0,8
switchD_037af4e4,switchD_037af4e4,1,0,8
switchD_0063ab28,switchD_0063ab28,1,0,12
switchD_000d97a0,switchD_000d97a0,1,0,12
switchD_01d7e29c,switchD_01d7e29c,1,0,8
app::clubshot,app,1,1,8
switchD_01b4ace8,switchD_01b4ace8,1,0,152
switchD_01d38d78,switchD_01d38d78,1,0,8
switchD_00102d34,switchD_00102d34,1,0,44
switchD_00143084,switchD_00143084,1,0,4
switchD_038aa4a8,switchD_038aa4a8,1,0,52
std::exception_ptr,std,1,1,16
switchD_036b6268,switchD_036b6268,1,0,80
switchD_0199f210,switchD_0199f210,1,0,296
switchD_02591b70,switchD_02591b70,1,0,8
switchD_039b39f8,switchD_039b39f8,1,0,224
switchD_01b4f470,switchD_01b4f470,1,0,84
switchD_01a276bc,switchD_01a276bc,1,0,4
switchD_00a09dac,switchD_00a09dac,1,0,8
switchD_004e8908,switchD_004e8908,1,0,20
switchD_00696d9c,switchD_00696d9c,1,0,444
switchD_035f6a38,switchD_035f6a38,1,0,684
switchD_00019d4c,switchD_00019d4c,1,0,76
switchD_0199f67c,switchD_0199f67c,1,0,252
switchD_01a5c2bc,switchD_01a5c2bc,1,0,4
switchD_00637564,switchD_00637564,1,0,136
switchD_00318f3c,switchD_00318f3c,1,0,2616
switchD_01775070,switchD_01775070,1,0,4
switchD_032af220,switchD_032af220,1,0,8
switchD_03730c1c,switchD_03730c1c,1,0,32
switchD_0337e9d0,switchD_0337e9d0,1,0,8
__cxxabiv1::__si_class_type_info,__cxxabiv1,1,1,20
switchD_038e1c3c,switchD_038e1c3c,1,0,56
switchD_009030d0,switchD_009030d0,1,0,228
switchD_02591990,switchD_02591990,1,0,8
switchD_01488f24,switchD_01488f24,1,0,8
switchD_00516428,switchD_00516428,1,0,52
switchD_023e922c,switchD_023e922c,1,0,24
switchD_00cd40c4,switchD_00cd40c4,1,0,1008
switchD_03294d7c,switchD_03294d7c,1,0,8
switchD_00349e74,switchD_00349e74,1,0,4
nn::aoc,nn,1,1,8
switchD_01ca8738,switchD_01ca8738,1,0,72
switchD_032f081c,switchD_032f081c,1,0,20
app::dracula2,app,1,1,16
switchD_038345dc,switchD_038345dc,1,0,36
switchD_0113bd2c,switchD_0113bd2c,1,0,408
switchD_000dac70,switchD_000dac70,1,0,20
switchD_02597a50,switchD_02597a50,1,0,8
app::slow,app,1,1,8
switchD_0076df64,switchD_0076df64,1,0,8
switchD_035e7b80,switchD_035e7b80,1,0,4
app::DamageInfo,app,1,1,16
switchD_037c34c8,switchD_037c34c8,1,0,652
switchD_0113bf84,switchD_0113bf84,1,0,8
switchD_01c96678,switchD_01c96678,1,0,4
nn::bcat,nn,1,1,48
switchD_0373176c,switchD_0373176c,1,0,140
switchD_03256554,switchD_03256554,1,0,24
switchD_01d7e1e4,switchD_01d7e1e4,1,0,224
switchD_03898fbc,switchD_03898fbc,1,0,4
switchD_038d7cb4,switchD_038d7cb4,1,0,4
switchD_0199f2fc,switchD_0199f2fc,1,0,4
switchD_023d7c7c,switchD_023d7c7c,1,0,400
app::dragoonset,app,1,1,80
switchD_01d6b828,switchD_01d6b828,1,0,8
app::xerneas,app,1,1,32
switchD_000df90c,switchD_000df90c,1,0,12
switchD_013a666c,switchD_013a666c,1,0,12
switchD_022b0388,switchD_022b0388,1,0,80
switchD_01bbc0a0,switchD_01bbc0a0,1,0,772
switchD_025942e4,switchD_025942e4,1,0,8
switchD_0258aa48,switchD_0258aa48,1,0,8
switchD_0330d9f4,switchD_0330d9f4,1,0,576
switchD_00676924,switchD_00676924,1,0,44
switchD_006761d0,switchD_006761d0,1,0,64
switchD_01d64894,switchD_01d64894,1,0,36
switchD_00a0b618,switchD_00a0b618,1,0,8
switchD_035f3e04,switchD_035f3e04,1,0,84
switchD_0190969c,switchD_0190969c,1,0,220
switchD_03730e6c,switchD_03730e6c,1,0,616
switchD_003a3ea0,switchD_003a3ea0,1,0,8
switchD_003e1668,switchD_003e1668,1,0,276
switchD_0065de90,switchD_0065de90,1,0,20
switchD_024de2e4,switchD_024de2e4,1,0,684
app::WeaponSpecializer_TantanRing,app,1,1,44
switchD_0160fab0,switchD_0160fab0,1,0,8
switchD_000dbd38,switchD_000dbd38,1,0,16
switchD_03280618,switchD_03280618,1,0,184
switchD_00650168,switchD_00650168,1,0,12
switchD_037309b8,switchD_037309b8,1,0,420
switchD_031a8494,switchD_031a8494,1,0,36
switchD_03292ee8,switchD_03292ee8,1,0,220
switchD_00022d20,switchD_00022d20,1,0,32
switchD_038ed5a4,switchD_038ed5a4,1,0,64
switchD_00142854,switchD_00142854,1,0,28
switchD_02594ad4,switchD_02594ad4,1,0,8
switchD_000de410,switchD_000de410,1,0,28
switchD_00a091c8,switchD_00a091c8,1,0,8
switchD_037b7728,switchD_037b7728,1,0,320
switchD_02591d18,switchD_02591d18,1,0,8
switchD_02b6ce14,switchD_02b6ce14,1,0,16
switchD_039a8fc0,switchD_039a8fc0,1,0,2964
app::WeaponShizueFishingrodLinkEventShoot,app,1,1,16
std::chrono::steady_clock,std,1,1,256
switchD_038f9eb4,switchD_038f9eb4,1,0,8
switchD_023645f4,switchD_023645f4,1,0,48
switchD_0365ee54,switchD_0365ee54,1,0,4
switchD_031b0984,switchD_031b0984,1,0,144
switchD_01a2f0c0,switchD_01a2f0c0,1,0,116
switchD_01f1b55c,switchD_01f1b55c,1,0,16
app::FighterSpecializer_EFlame,app,1,1,268
switchD_005ff018,switchD_005ff018,1,0,52
switchD_03251fb0,switchD_03251fb0,1,0,8
switchD_019ce3a4,switchD_019ce3a4,1,0,156
switchD_02599020,switchD_02599020,1,0,240
switchD_000e0e2c,switchD_000e0e2c,1,0,16
switchD_01c7a1bc,switchD_01c7a1bc,1,0,4
switchD_0338e230,switchD_0338e230,1,0,972
switchD_00a09bdc,switchD_00a09bdc,1,0,8
switchD_01d30c54,switchD_01d30c54,1,0,344
switchD_025a4b34,switchD_025a4b34,1,0,704
switchD_000dce60,switchD_000dce60,1,0,28
switchD_01d2c7e0,switchD_01d2c7e0,1,0,92
app::WeaponPickelTrolleyLinkEventRemoveIfDistance,app,1,1,252
switchD_00636064,switchD_00636064,1,0,16
switchD_01a5ef98,switchD_01a5ef98,1,0,152
switchD_005e163c,switchD_005e163c,1,0,8
switchD_01b11674,switchD_01b11674,1,0,64
switchD_035f87c4,switchD_035f87c4,1,0,4
switchD_029cdbac,switchD_029cdbac,1,0,348
lib::LuaManager,lib,1,1,160
switchD_038a9f30,switchD_038a9f30,1,0,52
switchD_0014c274,switchD_0014c274,1,0,356
switchD_03283da8,switchD_03283da8,1,0,276
switchD_0033c62c,switchD_0033c62c,1,0,8
switchD_037cd0bc,switchD_037cd0bc,1,0,12
switchD_000eaa90,switchD_000eaa90,1,0,36
switchD_01e38980,switchD_01e38980,1,0,192
nn::swkbd,nn,1,1,172
switchD_038129dc,switchD_038129dc,1,0,8
switchD_0033e824,switchD_0033e824,1,0,64
switchD_003ae730,switchD_003ae730,1,0,8520
switchD_025a81fc,switchD_025a81fc,1,0,24
switchD_000e66e8,switchD_000e66e8,1,0,28
switchD_0338d8f4,switchD_0338d8f4,1,0,156
switchD_00473b70,switchD_00473b70,1,0,1356
switchD_0329b8b0,switchD_0329b8b0,1,0,8
switchD_037b07fc,switchD_037b07fc,1,0,24
app::WeaponSpecializer_NessYoyoHead,app,1,1,16
switchD_0348ebb4,switchD_0348ebb4,1,0,692
switchD_00ab41f0,switchD_00ab41f0,1,0,8
switchD_017a6738,switchD_017a6738,1,0,152
switchD_0166d7ec,switchD_0166d7ec,1,0,68
switchD_03731d68,switchD_03731d68,1,0,276
switchD_02a6374c,switchD_02a6374c,1,0,6160
switchD_024ceea4,switchD_024ceea4,1,0,104
switchD_0174fc58,switchD_0174fc58,1,0,8
switchD_003ae420,switchD_003ae420,1,0,2936
switchD_01abcc60,switchD_01abcc60,1,0,36
switchD_000fe508,switchD_000fe508,1,0,44
switchD_0116ba0c,switchD_0116ba0c,1,0,1456
switchD_03096140,switchD_03096140,1,0,4
switchD_031ad958,switchD_031ad958,1,0,256
switchD_01dddb38,switchD_01dddb38,1,0,220
switchD_038712bc,switchD_038712bc,1,0,4
switchD_038a81e8,switchD_038a81e8,1,0,72
switchD_00a09af4,switchD_00a09af4,1,0,8
switchD_004b60c4,switchD_004b60c4,1,0,20
switchD_0076e124,switchD_0076e124,1,0,8
switchD_03882bc0,switchD_03882bc0,1,0,64
switchD_039078ec,switchD_039078ec,1,0,500
switchD_032f760c,switchD_032f760c,1,0,464
switchD_0325ce3c,switchD_0325ce3c,1,0,180
switchD_0141d11c,switchD_0141d11c,1,0,144
app::marxchaseeye,app,1,1,60
switchD_0382d364,switchD_0382d364,1,0,24
switchD_032aed00,switchD_032aed00,1,0,628
switchD_01ec252c,switchD_01ec252c,1,0,724
nn::util::BinaryBlockHeader,nn,1,1,48
switchD_013eb018,switchD_013eb018,1,0,188
app::solgaleo,app,1,1,32
switchD_032a6a30,switchD_032a6a30,1,0,8
app::guile,app,1,1,48
switchD_025e8348,switchD_025e8348,1,0,4392
switchD_00109aec,switchD_00109aec,1,0,28
switchD_002f4500,switchD_002f4500,1,0,164
switchD_000fa58c,switchD_000fa58c,1,0,44
switchD_01d33314,switchD_01d33314,1,0,20
switchD_003ec964,switchD_003ec964,1,0,188
switchD_01d7e784,switchD_01d7e784,1,0,8
switchD_0325768c,switchD_0325768c,1,0,144
switchD_00028648,switchD_00028648,1,0,1048
__cxxabiv1::__vmi_class_type_info,__cxxabiv1,1,1,4
switchD_001035a4,switchD_001035a4,1,0,44
switchD_0330f174,switchD_0330f174,1,0,1496
switchD_038cd78c,switchD_038cd78c,1,0,4
switchD_03685954,switchD_03685954,1,0,36
switchD_006b6c50,switchD_006b6c50,1,0,2552
switchD_00aee464,switchD_00aee464,1,0,8
app::WeaponSpecializer_SimonAxe,app,1,1,8
switchD_02597348,switchD_02597348,1,0,8
switchD_037abeec,switchD_037abeec,1,0,12
switchD_01753e6c,switchD_01753e6c,1,0,128
switchD_006b5b5c,switchD_006b5b5c,1,0,2548
switchD_018e288c,switchD_018e288c,1,0,504
switchD_01a08138,switchD_01a08138,1,0,368
switchD_03683784,switchD_03683784,1,0,96
switchD_0137dbc0,switchD_0137dbc0,1,0,928
switchD_01bafe94,switchD_01bafe94,1,0,220
switchD_015b6284,switchD_015b6284,1,0,4
switchD_006385f0,switchD_006385f0,1,0,332
switchD_01d7a34c,switchD_01d7a34c,1,0,648
app::FighterSpecializer_GameWatch,app,1,1,80
switchD_03730784,switchD_03730784,1,0,60
switchD_02527428,switchD_02527428,1,0,8
switchD_0076e54c,switchD_0076e54c,1,0,8
switchD_0327944c,switchD_0327944c,1,0,24
app::FighterPikminLinkEventWeaponPikminChangeMotion,app,1,1,12
switchD_01c770d0,switchD_01c770d0,1,0,128
switchD_0330dac4,switchD_0330dac4,1,0,316
switchD_03598ef4,switchD_03598ef4,1,0,1408
switchD_01a09454,switchD_01a09454,1,0,112
switchD_025ae8bc,switchD_025ae8bc,1,0,108
switchD_0302ed38,switchD_0302ed38,1,0,8
switchD_002e802c,switchD_002e802c,1,0,8
app::FighterPikminLinkEventWeaponPikminSetFloat,app,1,1,32
app::FighterInklingLinkEventPaint,app,1,1,132
switchD_02415310,switchD_02415310,1,0,240
switchD_039a8e6c,switchD_039a8e6c,1,0,32
switchD_01ccf0ac,switchD_01ccf0ac,1,0,84
switchD_01abce70,switchD_01abce70,1,0,16
switchD_0076de84,switchD_0076de84,1,0,8
switchD_02598694,switchD_02598694,1,0,8
switchD_005e1718,switchD_005e1718,1,0,8
movie::Extractor,movie,1,1,16
switchD_017df750,switchD_017df750,1,0,52
switchD_03280e40,switchD_03280e40,1,0,12
switchD_00638dc8,switchD_00638dc8,1,0,212
switchD_036a9034,switchD_036a9034,1,0,28
switchD_039a4ff0,switchD_039a4ff0,1,0,5340
switchD_0356bb70,switchD_0356bb70,1,0,92
switchD_03284aa0,switchD_03284aa0,1,0,32
switchD_0331dae4,switchD_0331dae4,1,0,332
switchD_000fe764,switchD_000fe764,1,0,44
switchD_030c2254,switchD_030c2254,1,0,8
switchD_000e6c38,switchD_000e6c38,1,0,28
switchD_0244bc64,switchD_0244bc64,1,0,32
switchD_0326f944,switchD_0326f944,1,0,4
nn::mem::StandardAllocator,nn,1,1,28
switchD_00385ba0,switchD_00385ba0,1,0,8
switchD_01505fcc,switchD_01505fcc,1,0,8
switchD_024fa28c,switchD_024fa28c,1,0,176
switchD_0138cae0,switchD_0138cae0,1,0,8
switchD_02593ce4,switchD_02593ce4,1,0,8
switchD_01e57c9c,switchD_01e57c9c,1,0,616
switchD_01ca1eb4,switchD_01ca1eb4,1,0,216
app::FighterPikminLinkEventWeaponPikminSetPowerMulStatus,app,1,1,16
switchD_01e07a3c,switchD_01e07a3c,1,0,160
switchD_01cba594,switchD_01cba594,1,0,212
switchD_0174cb9c,switchD_0174cb9c,1,0,4
switchD_01ac4efc,switchD_01ac4efc,1,0,4
switchD_0358fb44,switchD_0358fb44,1,0,12
switchD_00327abc,switchD_00327abc,1,0,88
switchD_03325384,switchD_03325384,1,0,4
switchD_006cde70,switchD_006cde70,1,0,132
app::crazyhandbomb,app,1,1,40
switchD_01cb2ff4,switchD_01cb2ff4,1,0,168
app::togepy,app,1,1,32
app::WeaponSpecializer_TantanBeam,app,1,1,8
switchD_032b4be8,switchD_032b4be8,1,0,8
switchD_01ab7000,switchD_01ab7000,1,0,32
switchD_036620c4,switchD_036620c4,1,0,336
switchD_01dd8560,switchD_01dd8560,1,0,540
switchD_004ee894,switchD_004ee894,1,0,280
switchD_025945f8,switchD_025945f8,1,0,8
switchD_025978c8,switchD_025978c8,1,0,8
switchD_0258ab38,switchD_0258ab38,1,0,8
app::darztearup,app,1,1,32
switchD_02416e2c,switchD_02416e2c,1,0,12
switchD_01c08e00,switchD_01c08e00,1,0,96
switchD_00156e24,switchD_00156e24,1,0,24
switchD_00507a40,switchD_00507a40,1,0,28
switchD_039a6e10,switchD_039a6e10,1,0,128
switchD_03718cbc,switchD_03718cbc,1,0,20
switchD_0339d564,switchD_0339d564,1,0,88
switchD_03833f88,switchD_03833f88,1,0,24
switchD_000db2bc,switchD_000db2bc,1,0,8
switchD_015b5ae4,switchD_015b5ae4,1,0,8
switchD_01d38828,switchD_01d38828,1,0,6580
switchD_0325d13c,switchD_0325d13c,1,0,72
switchD_03870fe8,switchD_03870fe8,1,0,88
switchD_031abbe0,switchD_031abbe0,1,0,236
switchD_005e1900,switchD_005e1900,1,0,8
switchD_031b1a74,switchD_031b1a74,1,0,92
switchD_01add344,switchD_01add344,1,0,1068
switchD_039a444c,switchD_039a444c,1,0,32
switchD_01f0c6ec,switchD_01f0c6ec,1,0,100
std::exception,std,1,1,252
switchD_005e13fc,switchD_005e13fc,1,0,8
switchD_0367857c,switchD_0367857c,1,0,4
switchD_03731ed4,switchD_03731ed4,1,0,196
switchD_02364590,switchD_02364590,1,0,840
switchD_015ee0e4,switchD_015ee0e4,1,0,68
switchD_038793cc,switchD_038793cc,1,0,248
switchD_038f8b10,switchD_038f8b10,1,0,20
switchD_037ad8a4,switchD_037ad8a4,1,0,8
switchD_032ad614,switchD_032ad614,1,0,748
switchD_01fec11c,switchD_01fec11c,1,0,24
switchD_01aa39f0,switchD_01aa39f0,1,0,20
switchD_0191bf48,switchD_0191bf48,1,0,4780
switchD_0327f398,switchD_0327f398,1,0,4
app::crazyhandsearchlight,app,1,1,24
switchD_01a96fc4,switchD_01a96fc4,1,0,68
switchD_01c9ee68,switchD_01c9ee68,1,0,28
switchD_006759f4,switchD_006759f4,1,0,196
switchD_032a0dfc,switchD_032a0dfc,1,0,24
switchD_01b19640,switchD_01b19640,1,0,96
switchD_024fdb30,switchD_024fdb30,1,0,52
switchD_0297afa8,switchD_0297afa8,1,0,8
switchD_0258a958,switchD_0258a958,1,0,8
switchD_01506130,switchD_01506130,1,0,28
app::FighterSpecializer_Gekkouga,app,1,1,84
switchD_025d4d2c,switchD_025d4d2c,1,0,12
switchD_0113c084,switchD_0113c084,1,0,16
app::FighterRyuLinkEventFinalMoveTarget,app,1,1,20
switchD_0324f978,switchD_0324f978,1,0,488
switchD_0172a55c,switchD_0172a55c,1,0,4
switchD_003857fc,switchD_003857fc,1,0,8
switchD_024950fc,switchD_024950fc,1,0,1264
switchD_03581158,switchD_03581158,1,0,420
switchD_0058c1dc,switchD_0058c1dc,1,0,764
switchD_024d9c68,switchD_024d9c68,1,0,36
switchD_0331cf54,switchD_0331cf54,1,0,4
switchD_0366b33c,switchD_0366b33c,1,0,8
switchD_0167ac48,switchD_0167ac48,1,0,48
switchD_01c6f918,switchD_01c6f918,1,0,8
switchD_003855ac,switchD_003855ac,1,0,8
switchD_032af0bc,switchD_032af0bc,1,0,32
switchD_0076e38c,switchD_0076e38c,1,0,8
switchD_00466c90,switchD_00466c90,1,0,2920
switchD_01ab81fc,switchD_01ab81fc,1,0,704
switchD_0258a778,switchD_0258a778,1,0,8
switchD_0383ec34,switchD_0383ec34,1,0,252
switchD_002c5eec,switchD_002c5eec,1,0,8140
app::FighterPikminLinkEventWeaponPikminSyncLR,app,1,1,60
switchD_016ec56c,switchD_016ec56c,1,0,8
switchD_00a09480,switchD_00a09480,1,0,8
std::bad_function_call,std,1,1,40
switchD_02633e38,switchD_02633e38,1,0,760
switchD_037ad794,switchD_037ad794,1,0,8
switchD_00388b08,switchD_00388b08,1,0,8
switchD_014f1314,switchD_014f1314,1,0,2908
switchD_02283f18,switchD_02283f18,1,0,56
switchD_009039b8,switchD_009039b8,1,0,8
switchD_00a09e94,switchD_00a09e94,1,0,8
switchD_00d59d58,switchD_00d59d58,1,0,4
app::darz,app,1,1,44
app::sensorbomb,app,1,1,24
switchD_00af7db8,switchD_00af7db8,1,0,8
switchD_025d366c,switchD_025d366c,1,0,64
app::GimmickEventSlashLockInfo,app,1,1,12
switchD_006d67a0,switchD_006d67a0,1,0,44
switchD_02357ce4,switchD_02357ce4,1,0,456
switchD_003a375c,switchD_003a375c,1,0,8
switchD_032ef454,switchD_032ef454,1,0,224
switchD_024fe484,switchD_024fe484,1,0,32
switchD_0063dbd8,switchD_0063dbd8,1,0,44
app::FighterSpecializer_Rockman,app,1,1,144
switchD_01a6090c,switchD_01a6090c,1,0,840
switchD_01ada044,switchD_01ada044,1,0,72
switchD_013f6040,switchD_013f6040,1,0,1252
switchD_0046e558,switchD_0046e558,1,0,200
switchD_01a93600,switchD_01a93600,1,0,192
switchD_004e5920,switchD_004e5920,1,0,12
switchD_000e93e8,switchD_000e93e8,1,0,16
switchD_01b8a968,switchD_01b8a968,1,0,324
switchD_0177aacc,switchD_0177aacc,1,0,4
switchD_0033c4a0,switchD_0033c4a0,1,0,24
switchD_0389a8d8,switchD_0389a8d8,1,0,1472
switchD_02613648,switchD_02613648,1,0,1024
switchD_0258a518,switchD_0258a518,1,0,20
switchD_025a8a50,switchD_025a8a50,1,0,32
switchD_02ff0d20,switchD_02ff0d20,1,0,4
switchD_0328158c,switchD_0328158c,1,0,432
switchD_019f19e4,switchD_019f19e4,1,0,8
switchD_037321a4,switchD_037321a4,1,0,64
app::LinkEventTouchItem,app,1,1,164
app::GimmickEvent,app,1,1,12
switchD_005e1fd0,switchD_005e1fd0,1,0,8
switchD_0259e914,switchD_0259e914,1,0,720
switchD_019c32ec,switchD_019c32ec,1,0,252
switchD_02591ef8,switchD_02591ef8,1,0,8
switchD_000fa310,switchD_000fa310,1,0,44
switchD_025949ec,switchD_025949ec,1,0,8
app::WeaponSpecializer_MasterSwordflare,app,1,1,24
switchD_0326a7fc,switchD_0326a7fc,1,0,8
switchD_001b7e08,switchD_001b7e08,1,0,36
switchD_037ab59c,switchD_037ab59c,1,0,504
switchD_036855c4,switchD_036855c4,1,0,1032
switchD_003e14fc,switchD_003e14fc,1,0,568
switchD_033935dc,switchD_033935dc,1,0,128
switchD_01cd6c20,switchD_01cd6c20,1,0,84
switchD_032ef9b4,switchD_032ef9b4,1,0,24
switchD_00385c88,switchD_00385c88,1,0,8
__cxxabiv1::__class_type_info,__cxxabiv1,1,1,20
app::WeaponSpecializer_PopoCondor,app,1,1,16
switchD_0325ee14,switchD_0325ee14,1,0,40
switchD_0372d604,switchD_0372d604,1,0,936
switchD_039a4044,switchD_039a4044,1,0,4
switchD_00521978,switchD_00521978,1,0,4392
switchD_024fd8f8,switchD_024fd8f8,1,0,120
